"Time (s)"	"Latitude (°)"	"Longitude (°)"	"Height (m)"	"Height WGS84 (m)"	"Speed (m/s)"	"Direction (°)"	"Distance (km)"	"Horizontal Accuracy (m)"	"Vertical Accuracy (m)"	"Satellites"
0.000000000E0	4.947662674E1	8.488213307E0	0.000000000E0	0.000000000E0	0.000000000E0	0.000000000E0	3.429847252E-2	5.235245514E1	0.000000000E0	0.000000000E0
2.397244791E0	4.947687401E1	8.487929520E0	1.001492014E2	1.490000000E2	0.000000000E0	0.000000000E0	3.796256154E-2	1.929600143E1	3.200000000E1	0.000000000E0
3.400584686E0	4.947685719E1	8.487885910E0	1.071491775E2	1.560000000E2	0.000000000E0	0.000000000E0	4.198821236E-2	1.286400032E1	1.600000000E1	1.300000000E1
4.400750519E0	4.947689339E1	8.487886690E0	1.071492151E2	1.560000000E2	0.000000000E0	0.000000000E0	4.415873134E-2	9.648000717E0	1.200000000E1	1.500000000E1
5.405153644E0	4.947691114E1	8.487899190E0	1.071492354E2	1.560000000E2	0.000000000E0	0.000000000E0	4.726862444E-2	7.504000187E0	1.200000000E1	1.500000000E1
6.404097810E0	4.947693894E1	8.487894480E0	1.071492635E2	1.560000000E2	0.000000000E0	0.000000000E0	4.968973997E-2	6.432000160E0	8.000000000E0	1.600000000E1
7.401501247E0	4.947692100E1	8.487875490E0	1.081492421E2	1.570000000E2	0.000000000E0	0.000000000E0	5.277304646E-2	5.360000134E0	8.000000000E0	1.600000000E1
8.405224632E0	4.947689707E1	8.487853930E0	1.091492141E2	1.580000000E2	0.000000000E0	0.000000000E0	5.323224279E-2	5.360000134E0	6.000000000E0	1.600000000E1
9.407041767E0	4.947690022E1	8.487849820E0	1.091492167E2	1.580000000E2	0.000000000E0	0.000000000E0	5.549361171E-2	5.360000134E0	6.000000000E0	1.600000000E1
1.040970541E1	4.947692013E1	8.487856200E0	1.091492383E2	1.580000000E2	0.000000000E0	0.000000000E0	5.582581010E-2	4.288000107E0	6.000000000E0	1.600000000E1
1.140898541E1	4.947692289E1	8.487857960E0	1.081492415E2	1.570000000E2	0.000000000E0	0.000000000E0	5.593515133E-2	4.288000107E0	6.000000000E0	1.600000000E1
1.240749869E1	4.947692369E1	8.487858840E0	1.071492424E2	1.560000000E2	0.000000000E0	0.000000000E0	6.177488499E-2	4.288000107E0	6.000000000E0	1.700000000E1
1.341043109E1	4.947697410E1	8.487836170E0	1.091492913E2	1.580000000E2	2.960000038E0	3.392999878E2	6.800071111E-2	4.288000107E0	6.000000000E0	1.800000000E1
1.441817723E1	4.947703009E1	8.487835940E0	1.091493494E2	1.580000000E2	4.059999943E0	3.356000061E2	7.166969928E-2	4.288000107E0	6.000000000E0	1.800000000E1
1.541637338E1	4.947706077E1	8.487817250E0	1.071493784E2	1.560000000E2	4.210000038E0	3.442000122E2	8.038649922E-2	4.288000107E0	6.000000000E0	1.800000000E1
1.640032249E1	4.947713910E1	8.487812450E0	1.081494590E2	1.570000000E2	5.039999962E0	3.426000061E2	9.005024049E-2	4.288000107E0	6.000000000E0	1.800000000E1
1.740780546E1	4.947722418E1	8.487785160E0	1.071495432E2	1.560000000E2	6.599999905E0	3.418999939E2	9.670915443E-2	5.360000134E0	6.000000000E0	1.800000000E1
1.840050228E1	4.947728388E1	8.487777920E0	1.041496040E2	1.530000000E2	7.170000076E0	3.467000122E2	1.046403000E-1	4.288000107E0	6.000000000E0	1.800000000E1
1.940533598E1	4.947735475E1	8.487765520E0	1.011496757E2	1.500000000E2	7.320000172E0	3.468999939E2	1.124863640E-1	4.288000107E0	6.000000000E0	1.700000000E1
2.040665984E1	4.947742455E1	8.487749610E0	1.001497457E2	1.490000000E2	7.190000057E0	3.518999939E2	1.201286653E-1	5.360000134E0	6.000000000E0	1.600000000E1
2.140303999E1	4.947749094E1	8.487722250E0	1.021498105E2	1.510000000E2	7.070000172E0	3.485000000E2	1.299189774E-1	5.360000134E0	6.000000000E0	1.200000000E1
2.240110510E1	4.947757771E1	8.487699260E0	1.041498971E2	1.530000000E2	8.319999695E0	3.456000061E2	1.387541407E-1	5.360000134E0	6.000000000E0	1.200000000E1
2.340574280E1	4.947765490E1	8.487670260E0	1.041499729E2	1.530000000E2	8.640000343E0	3.451000061E2	1.506884810E-1	5.360000134E0	6.000000000E0	1.300000000E1
2.440677384E1	4.947776075E1	8.487642940E0	1.021500786E2	1.510000000E2	9.170000076E0	3.476000061E2	1.607482918E-1	5.360000134E0	6.000000000E0	1.300000000E1
2.541210436E1	4.947785122E1	8.487642790E0	1.001501724E2	1.490000000E2	9.170000076E0	3.486000061E2	1.709723034E-1	5.360000134E0	6.000000000E0	1.400000000E1
2.641431442E1	4.947794267E1	8.487657480E0	9.715026945E1	1.460000000E2	8.489999771E0	3.476000061E2	1.789742212E-1	4.288000107E0	6.000000000E0	1.500000000E1
2.740644853E1	4.947801354E1	8.487638250E0	9.815034010E1	1.470000000E2	8.460000038E0	3.482000122E2	1.893445578E-1	4.288000107E0	6.000000000E0	1.600000000E1
2.841098780E1	4.947810218E1	8.487593620E0	9.515042541E1	1.440000000E2	8.689999580E0	3.462000122E2	1.986094506E-1	5.360000134E0	6.000000000E0	1.700000000E1
2.940865374E1	4.947818492E1	8.487578500E0	9.415050898E1	1.430000000E2	8.170000076E0	3.515000000E2	2.065094266E-1	4.288000107E0	6.000000000E0	1.700000000E1
3.040979566E1	4.947825509E1	8.487595620E0	9.415058431E1	1.430000000E2	7.369999886E0	3.576000061E2	2.145191357E-1	5.360000134E0	6.000000000E0	1.700000000E1
3.140386160E1	4.947832695E1	8.487603300E0	9.415065999E1	1.430000000E2	7.190000057E0	5.199999809E0	2.237634901E-1	5.360000134E0	6.000000000E0	1.700000000E1
3.240809567E1	4.947840392E1	8.487651660E0	9.515074702E1	1.440000000E2	7.719999790E0	1.550000000E1	2.325962730E-1	7.504000187E0	6.000000000E0	1.700000000E1
3.341797587E1	4.947847132E1	8.487716360E0	9.515082655E1	1.440000000E2	8.170000076E0	2.470000076E1	2.365453360E-1	6.432000160E0	6.000000000E0	1.700000000E1
3.441837947E1	4.947846173E1	8.487768990E0	9.115082443E1	1.400000000E2	6.809999943E0	3.070000076E1	2.443644536E-1	5.360000134E0	6.000000000E0	1.400000000E1
3.540864665E1	4.947852401E1	8.487819240E0	9.315089650E1	1.420000000E2	6.510000229E0	3.270000076E1	2.507973449E-1	5.360000134E0	6.000000000E0	1.300000000E1
3.640252624E1	4.947857251E1	8.487867780E0	9.315095403E1	1.420000000E2	5.510000229E0	3.329999924E1	2.569647512E-1	5.360000134E0	6.000000000E0	1.300000000E1
3.740496931E1	4.947862542E1	8.487893390E0	9.315101272E1	1.420000000E2	4.329999924E0	3.179999924E1	2.609390587E-1	5.360000134E0	6.000000000E0	1.300000000E1
3.842526827E1	4.947865683E1	8.487919640E0	9.315104921E1	1.420000000E2	3.299999952E0	3.270000076E1	2.642525386E-1	5.360000134E0	6.000000000E0	1.000000000E1
3.941491530E1	4.947868000E1	8.487948480E0	9.215107753E1	1.410000000E2	1.950000048E0	3.950000000E1	2.663473146E-1	6.432000160E0	8.000000000E0	1.200000000E1
4.040498446E1	4.947868325E1	8.487977040E0	9.215108515E1	1.410000000E2	1.580000043E0	4.470000076E1	2.686000748E-1	6.432000160E0	8.000000000E0	8.000000000E0
4.140244873E1	4.947869076E1	8.488006000E0	9.315109724E1	1.420000000E2	1.409999967E0	5.790000153E1	2.702866195E-1	7.504000187E0	8.000000000E0	1.100000000E1
4.240793202E1	4.947870178E1	8.488022040E0	9.415111106E1	1.430000000E2	8.700000048E-1	2.360000038E1	2.729876158E-1	7.504000187E0	8.000000000E0	1.200000000E1
4.340799774E1	4.947871763E1	8.488050370E0	9.415113171E1	1.430000000E2	9.300000072E-1	1.369999981E1	2.734605820E-1	7.504000187E0	8.000000000E0	1.200000000E1
4.440832300E1	4.947871869E1	8.488044030E0	9.315113187E1	1.420000000E2	6.600000262E-1	3.250000000E1	2.760951476E-1	9.648000717E0	8.000000000E0	1.300000000E1
4.540566873E1	4.947874105E1	8.488056090E0	9.315115686E1	1.420000000E2	1.149999976E0	3.582999878E2	2.780603335E-1	1.179199982E1	8.000000000E0	1.300000000E1
4.640742014E1	4.947872602E1	8.488041780E0	9.315113914E1	1.420000000E2	0.000000000E0	0.000000000E0	2.785897751E-1	1.179199982E1	1.200000000E1	1.200000000E1
4.740273300E1	4.947873075E1	8.488040940E0	9.315114392E1	1.420000000E2	0.000000000E0	0.000000000E0	2.790986788E-1	1.179199982E1	1.200000000E1	1.100000000E1
4.840223696E1	4.947872905E1	8.488034400E0	9.315114119E1	1.420000000E2	0.000000000E0	0.000000000E0	2.792872757E-1	1.286400032E1	1.200000000E1	1.200000000E1
4.940030055E1	4.947872826E1	8.488032090E0	9.315114002E1	1.420000000E2	0.000000000E0	0.000000000E0	2.794518921E-1	1.286400032E1	1.200000000E1	1.300000000E1
5.039959857E1	4.947872973E1	8.488032360E0	9.315114159E1	1.420000000E2	0.000000000E0	0.000000000E0	2.800832799E-1	1.393600082E1	1.200000000E1	1.300000000E1
5.140285889E1	4.947873273E1	8.488024940E0	9.215114360E1	1.410000000E2	0.000000000E0	0.000000000E0	2.807122627E-1	1.393600082E1	1.200000000E1	1.200000000E1
5.240538764E1	4.947873741E1	8.488029830E0	9.315114918E1	1.420000000E2	0.000000000E0	0.000000000E0	2.811125233E-1	1.393600082E1	1.200000000E1	1.300000000E1
5.340562503E1	4.947873744E1	8.488024290E0	9.215114838E1	1.410000000E2	0.000000000E0	0.000000000E0	2.816262622E-1	1.500800037E1	1.600000000E1	1.400000000E1
5.440100477E1	4.947874206E1	8.488024350E0	9.315115319E1	1.420000000E2	0.000000000E0	0.000000000E0	2.817114118E-1	1.393600082E1	1.200000000E1	1.400000000E1
5.540599493E1	4.947874269E1	8.488023680E0	9.215115374E1	1.410000000E2	0.000000000E0	0.000000000E0	2.820666830E-1	1.179199982E1	1.200000000E1	1.400000000E1
5.640627810E1	4.947874418E1	8.488019330E0	9.215115464E1	1.410000000E2	0.000000000E0	0.000000000E0	2.870140985E-1	9.648000717E0	1.200000000E1	1.600000000E1
5.741041071E1	4.947878865E1	8.488021540E0	9.215120109E1	1.410000000E2	1.269999981E0	3.160000038E1	2.892883115E-1	7.504000187E0	1.200000000E1	1.600000000E1
5.840639321E1	4.947880783E1	8.488032470E0	9.315122262E1	1.420000000E2	1.940000057E0	1.950000000E1	2.921167691E-1	6.432000160E0	8.000000000E0	1.600000000E1
5.940527529E1	4.947883261E1	8.488041310E0	9.315124963E1	1.420000000E2	2.660000086E0	1.330000019E1	2.950114794E-1	6.432000160E0	8.000000000E0	1.600000000E1
6.041046347E1	4.947885646E1	8.488057370E0	9.215127676E1	1.410000000E2	2.900000095E0	1.800000000E1	2.982192892E-1	6.432000160E0	8.000000000E0	1.700000000E1
6.143542456E1	4.947888208E1	8.488077780E0	9.315130637E1	1.420000000E2	3.309999943E0	2.120000076E1	3.022056145E-1	1.072000027E1	8.000000000E0	1.700000000E1
6.241276518E1	4.947891238E1	8.488107270E0	9.115134219E1	1.400000000E2	4.090000153E0	2.720000076E1	3.103558536E-1	1.072000027E1	8.000000000E0	1.700000000E1
6.341112841E1	4.947896509E1	8.488185660E0	9.015140852E1	1.390000000E2	5.019999981E0	3.070000076E1	3.160068819E-1	1.072000027E1	8.000000000E0	1.700000000E1
6.441169300E1	4.947900734E1	8.488229130E0	9.115145881E1	1.400000000E2	5.239999771E0	3.079999924E1	3.226104885E-1	1.072000027E1	8.000000000E0	1.700000000E1
6.541778456E1	4.947906047E1	8.488269970E0	9.015152000E1	1.390000000E2	5.639999866E0	3.129999924E1	3.277307406E-1	1.072000027E1	8.000000000E0	1.700000000E1
6.641291279E1	4.947909475E1	8.488317290E0	9.115156260E1	1.400000000E2	5.210000038E0	3.250000000E1	3.324100432E-1	1.072000027E1	8.000000000E0	1.700000000E1
6.741755607E1	4.947912801E1	8.488356970E0	8.915160300E1	1.380000000E2	4.849999905E0	2.789999962E1	3.371337202E-1	1.072000027E1	8.000000000E0	1.800000000E1
6.840958091E1	4.947916562E1	8.488387370E0	9.115164654E1	1.400000000E2	4.380000114E0	1.929999924E1	3.419526464E-1	1.072000027E1	8.000000000E0	1.800000000E1
6.940820638E1	4.947920862E1	8.488395680E0	9.115169238E1	1.400000000E2	4.170000076E0	1.219999981E1	3.469863826E-1	1.072000027E1	8.000000000E0	1.800000000E1
7.040534857E1	4.947925324E1	8.488383920E0	9.215173691E1	1.410000000E2	4.469999790E0	3.521000061E2	3.505524210E-1	1.072000027E1	8.000000000E0	1.900000000E1
7.140571956E1	4.947928154E1	8.488360700E0	9.215176281E1	1.410000000E2	4.030000210E0	3.427000122E2	3.562383498E-1	1.072000027E1	8.000000000E0	1.800000000E1
7.240833523E1	4.947931039E1	8.488295720E0	9.215178307E1	1.410000000E2	4.869999886E0	3.142999878E2	3.612777361E-1	1.072000027E1	8.000000000E0	1.800000000E1
7.340248310E1	4.947934305E1	8.488247360E0	9.415180976E1	1.430000000E2	4.940000057E0	3.121000061E2	3.695324875E-1	1.072000027E1	8.000000000E0	1.800000000E1
7.440416929E1	4.947940108E1	8.488176100E0	9.415185935E1	1.430000000E2	6.440000057E0	3.145000000E2	3.761230174E-1	1.179199982E1	8.000000000E0	1.900000000E1
7.540783560E1	4.947944842E1	8.488121210E0	9.615190029E1	1.450000000E2	6.429999828E0	3.115000000E2	3.822517840E-1	1.179199982E1	8.000000000E0	1.800000000E1
7.641627914E1	4.947946774E1	8.488041760E0	9.615190851E1	1.450000000E2	6.659999847E0	3.028999939E2	3.876204765E-1	1.072000027E1	8.000000000E0	1.800000000E1
7.742186497E1	4.947946058E1	8.487968270E0	9.615189015E1	1.450000000E2	5.809999943E0	2.997999878E2	3.933348458E-1	1.072000027E1	6.000000000E0	1.900000000E1
7.841906726E1	4.947947815E1	8.487893940E0	9.615189732E1	1.450000000E2	5.719999790E0	2.947000122E2	3.992721412E-1	1.072000027E1	8.000000000E0	1.900000000E1
7.941208700E1	4.947951723E1	8.487837940E0	9.615192952E1	1.450000000E2	5.349999905E0	3.002999878E2	4.042429673E-1	1.072000027E1	6.000000000E0	1.900000000E1
8.041713606E1	4.947953452E1	8.487774490E0	9.615193802E1	1.450000000E2	5.179999828E0	2.986000061E2	4.086311274E-1	1.072000027E1	6.000000000E0	1.900000000E1
8.142651262E1	4.947955312E1	8.487720920E0	9.515194934E1	1.440000000E2	4.469999790E0	2.987999878E2	4.101838513E-1	1.072000027E1	6.000000000E0	2.000000000E1
8.241956122E1	4.947954557E1	8.487702840E0	9.415193882E1	1.430000000E2	3.150000095E0	2.976000061E2	4.109916896E-1	9.648000717E0	6.000000000E0	2.000000000E1
8.341984169E1	4.947954691E1	8.487691850E0	9.515193857E1	1.440000000E2	1.879999995E0	2.942000122E2	4.114003424E-1	9.648000717E0	6.000000000E0	2.000000000E1
8.440506590E1	4.947954326E1	8.487691190E0	9.415193469E1	1.430000000E2	8.199999928E-1	2.942999878E2	4.125319100E-1	9.648000717E0	6.000000000E0	2.000000000E1
8.541597033E1	4.947954965E1	8.487679000E0	9.515193950E1	1.440000000E2	0.000000000E0	0.000000000E0	4.143149852E-1	9.648000717E0	6.000000000E0	2.000000000E1
8.640731492E1	4.947955901E1	8.487658960E0	9.515194623E1	1.440000000E2	1.800000072E-1	2.943999939E2	4.148537416E-1	9.648000717E0	6.000000000E0	2.000000000E1
8.741763960E1	4.947956091E1	8.487652100E0	9.615194718E1	1.450000000E2	0.000000000E0	0.000000000E0	4.150212994E-1	9.648000717E0	8.000000000E0	2.000000000E1
8.841138799E1	4.947955944E1	8.487651590E0	9.715194558E1	1.460000000E2	0.000000000E0	0.000000000E0	4.151002610E-1	9.648000717E0	8.000000000E0	2.000000000E1
8.940811163E1	4.947955873E1	8.487651610E0	9.715194485E1	1.460000000E2	0.000000000E0	0.000000000E0	4.153513870E-1	9.648000717E0	8.000000000E0	2.000000000E1
9.040384908E1	4.947955666E1	8.487653000E0	9.715194291E1	1.460000000E2	0.000000000E0	0.000000000E0	4.157435292E-1	1.072000027E1	8.000000000E0	2.000000000E1
9.140133705E1	4.947955387E1	8.487656320E0	9.815194051E1	1.470000000E2	0.000000000E0	0.000000000E0	4.163448442E-1	1.072000027E1	8.000000000E0	1.900000000E1
9.241537220E1	4.947955055E1	8.487662890E0	9.815193804E1	1.470000000E2	0.000000000E0	0.000000000E0	4.167796795E-1	1.072000027E1	8.000000000E0	1.900000000E1
9.341002507E1	4.947954827E1	8.487667780E0	9.815193640E1	1.470000000E2	0.000000000E0	0.000000000E0	4.172374649E-1	1.072000027E1	8.000000000E0	1.800000000E1
9.440200627E1	4.947954742E1	8.487673980E0	9.815193644E1	1.470000000E2	0.000000000E0	0.000000000E0	4.181841855E-1	1.072000027E1	8.000000000E0	1.800000000E1
9.540845887E1	4.947954230E1	8.487684450E0	9.815193269E1	1.470000000E2	0.000000000E0	0.000000000E0	4.189032785E-1	9.648000717E0	8.000000000E0	1.800000000E1
9.641102106E1	4.947954639E1	8.487692160E0	9.615193808E1	1.450000000E2	0.000000000E0	0.000000000E0	4.192724186E-1	9.648000717E0	8.000000000E0	1.700000000E1
9.740726653E1	4.947954319E1	8.487693520E0	9.515193496E1	1.440000000E2	0.000000000E0	0.000000000E0	4.203062684E-1	9.648000717E0	8.000000000E0	1.700000000E1
9.841050830E1	4.947954411E1	8.487707760E0	9.515193804E1	1.440000000E2	0.000000000E0	0.000000000E0	4.206769008E-1	9.648000717E0	8.000000000E0	1.700000000E1
9.940438887E1	4.947954158E1	8.487711100E0	9.415193591E1	1.430000000E2	0.000000000E0	0.000000000E0	4.213407651E-1	9.648000717E0	8.000000000E0	1.700000000E1
1.004046896E2	4.947954750E1	8.487712290E0	9.415194223E1	1.430000000E2	0.000000000E0	0.000000000E0	4.216358504E-1	9.648000717E0	8.000000000E0	1.700000000E1
1.014025045E2	4.947955009E1	8.487713180E0	9.415194505E1	1.430000000E2	0.000000000E0	0.000000000E0	4.221628847E-1	9.648000717E0	8.000000000E0	1.600000000E1
1.024155106E2	4.947954684E1	8.487707870E0	9.315194089E1	1.420000000E2	0.000000000E0	0.000000000E0	4.229684110E-1	9.648000717E0	8.000000000E0	1.700000000E1
1.034164791E2	4.947954047E1	8.487702560E0	9.515193349E1	1.440000000E2	5.199999809E-1	2.942999878E2	4.235333281E-1	9.648000717E0	8.000000000E0	1.700000000E1
1.044022899E2	4.947954427E1	8.487697370E0	9.615193666E1	1.450000000E2	6.299999952E-1	2.942999878E2	4.243727527E-1	9.648000717E0	8.000000000E0	1.700000000E1
1.054055487E2	4.947955031E1	8.487690400E0	9.815194189E1	1.470000000E2	9.800000191E-1	2.942999878E2	4.259613307E-1	9.648000717E0	8.000000000E0	1.700000000E1
1.064109090E2	4.947955876E1	8.487672670E0	9.715194801E1	1.460000000E2	1.799999952E0	3.183999939E2	4.285239814E-1	9.648000717E0	8.000000000E0	1.700000000E1
1.074061829E2	4.947957262E1	8.487644330E0	9.715195817E1	1.460000000E2	2.670000076E0	3.092999878E2	4.322780581E-1	1.072000027E1	8.000000000E0	1.700000000E1
1.084088569E2	4.947959002E1	8.487599800E0	9.715196960E1	1.460000000E2	3.640000105E0	3.036000061E2	4.370443811E-1	1.072000027E1	8.000000000E0	1.600000000E1
1.094065711E2	4.947960882E1	8.487540510E0	9.715198028E1	1.460000000E2	4.300000191E0	2.988999939E2	4.424909594E-1	1.072000027E1	8.000000000E0	1.700000000E1
1.104142056E2	4.947962857E1	8.487471520E0	9.715199050E1	1.460000000E2	4.760000229E0	2.962999878E2	4.535755221E-1	1.179199982E1	8.000000000E0	1.700000000E1
1.114088082E2	4.947965376E1	8.487323070E0	9.615199454E1	1.450000000E2	5.670000076E0	2.943999939E2	4.622148658E-1	1.179199982E1	8.000000000E0	1.800000000E1
1.124125234E2	4.947968563E1	8.487214010E0	9.515201137E1	1.440000000E2	7.030000210E0	2.970000000E2	4.741139063E-1	1.286400032E1	8.000000000E0	1.900000000E1
1.134164256E2	4.947973648E1	8.487069090E0	9.415204255E1	1.430000000E2	8.529999733E0	2.972000122E2	4.813333403E-1	1.286400032E1	8.000000000E0	1.900000000E1
1.144157077E2	4.947975668E1	8.486974120E0	9.615204937E1	1.450000000E2	8.229999542E0	2.957999878E2	4.929625951E-1	1.286400032E1	8.000000000E0	1.900000000E1
1.154110447E2	4.947978669E1	8.486819920E0	9.615205756E1	1.450000000E2	9.079999924E0	2.938999939E2	5.032671680E-1	1.393600082E1	8.000000000E0	1.900000000E1
1.164102566E2	4.947983895E1	8.486702130E0	9.915209424E1	1.480000000E2	9.630000114E0	3.038999939E2	5.127984036E-1	1.286400032E1	8.000000000E0	1.900000000E1
1.174094227E2	4.947988485E1	8.486590710E0	9.915212526E1	1.480000000E2	1.019999981E1	3.030000000E2	5.226854086E-1	1.286400032E1	1.200000000E1	1.900000000E1
1.184060483E2	4.947992010E1	8.486465070E0	1.011521431E2	1.500000000E2	1.027000046E1	3.012000122E2	5.324573421E-1	1.286400032E1	1.200000000E1	1.900000000E1
1.194222417E2	4.947996239E1	8.486346500E0	1.001521694E2	1.490000000E2	1.002000046E1	2.966000061E2	5.429705157E-1	1.179199982E1	1.200000000E1	1.800000000E1
1.204279257E2	4.948001311E1	8.486223690E0	1.011522037E2	1.500000000E2	9.909999847E0	2.975000000E2	5.518806406E-1	1.179199982E1	1.200000000E1	1.800000000E1
1.214089996E2	4.948005038E1	8.486114510E0	1.001522261E2	1.490000000E2	9.460000038E0	2.975000000E2	5.625188689E-1	1.179199982E1	8.000000000E0	1.700000000E1
1.224130732E2	4.948010648E1	8.485995230E0	1.001522665E2	1.490000000E2	9.710000038E0	2.997999878E2	5.734926197E-1	1.286400032E1	1.200000000E1	1.700000000E1
1.234141087E2	4.948015414E1	8.485862220E0	1.001522962E2	1.490000000E2	1.078999996E1	2.983999939E2	5.844165660E-1	1.393600082E1	1.200000000E1	1.600000000E1
1.244096082E2	4.948024223E1	8.485795280E0	1.001523776E2	1.490000000E2	9.979999542E0	3.068999939E2	5.919638530E-1	1.286400032E1	1.200000000E1	1.600000000E1
1.254047889E2	4.948027483E1	8.485703650E0	1.001523977E2	1.490000000E2	9.100000381E0	3.017999878E2	6.001249203E-1	1.286400032E1	1.200000000E1	1.600000000E1
1.264082032E2	4.948030596E1	8.485601350E0	9.915241480E1	1.480000000E2	8.930000305E0	3.012000122E2	6.096012543E-1	1.286400032E1	1.200000000E1	1.600000000E1
1.274118032E2	4.948036195E1	8.485502460E0	9.915245816E1	1.480000000E2	8.529999733E0	2.983999939E2	6.169768433E-1	1.179199982E1	1.200000000E1	1.600000000E1
1.284173176E2	4.948039084E1	8.485410560E0	9.915247444E1	1.480000000E2	8.250000000E0	2.991000061E2	6.260829895E-1	1.179199982E1	1.200000000E1	1.600000000E1
1.294068381E2	4.948043328E1	8.485302760E0	9.915250241E1	1.480000000E2	8.350000381E0	2.985000000E2	6.342750338E-1	1.286400032E1	1.200000000E1	1.500000000E1
1.304101812E2	4.948048582E1	8.485223270E0	1.001525451E2	1.490000000E2	8.159999847E0	3.011000061E2	6.407841796E-1	1.286400032E1	1.200000000E1	1.600000000E1
1.314042405E2	4.948052438E1	8.485155480E0	1.011525750E2	1.500000000E2	6.579999924E0	3.006000061E2	6.473839090E-1	1.286400032E1	1.200000000E1	1.600000000E1
1.324158365E2	4.948055256E1	8.485075080E0	1.021525922E2	1.510000000E2	6.190000057E0	2.987000122E2	6.536496537E-1	1.286400032E1	1.200000000E1	1.500000000E1
1.334193372E2	4.948059482E1	8.485017710E0	1.031526275E2	1.520000000E2	5.969999790E0	3.036000061E2	6.572002901E-1	1.393600082E1	1.200000000E1	1.600000000E1
1.344117628E2	4.948062142E1	8.484990520E0	1.031526511E2	1.520000000E2	4.570000172E0	3.102000122E2	6.595794052E-1	1.393600082E1	1.200000000E1	1.600000000E1
1.354150964E2	4.948063932E1	8.484972480E0	1.031526669E2	1.520000000E2	2.839999914E0	3.127999878E2	6.625751610E-1	1.393600082E1	1.200000000E1	1.600000000E1
1.364089135E2	4.948065658E1	8.485004320E0	1.031526896E2	1.520000000E2	1.700000048E0	3.422000122E2	6.654756843E-1	1.393600082E1	1.200000000E1	1.600000000E1
1.374205479E2	4.948066990E1	8.485038840E0	1.031527085E2	1.520000000E2	1.519999981E0	1.139999962E1	6.705327199E-1	1.500800037E1	1.200000000E1	1.600000000E1
1.384208724E2	4.948071066E1	8.485069890E0	1.031527554E2	1.520000000E2	2.259999990E0	1.800000000E1	6.775811200E-1	1.715200043E1	1.200000000E1	1.600000000E1
1.394060862E2	4.948076969E1	8.485105440E0	1.011528219E2	1.500000000E2	3.170000076E0	1.739999962E1	6.836999858E-1	1.715200043E1	1.200000000E1	1.600000000E1
1.404089040E2	4.948082335E1	8.485124210E0	1.021528804E2	1.510000000E2	2.349999905E0	4.400000095E0	6.878486684E-1	1.500800037E1	1.200000000E1	1.500000000E1
1.414062660E2	4.948078645E1	8.485115720E0	1.021528409E2	1.510000000E2	0.000000000E0	0.000000000E0	6.900153701E-1	1.393600082E1	1.600000000E1	1.500000000E1
1.424102429E2	4.948076820E1	8.485126230E0	1.021528235E2	1.510000000E2	0.000000000E0	0.000000000E0	6.905080809E-1	1.393600082E1	1.600000000E1	1.500000000E1
1.434127660E2	4.948076690E1	8.485132750E0	1.021528231E2	1.510000000E2	0.000000000E0	0.000000000E0	6.911299320E-1	1.393600082E1	1.600000000E1	1.400000000E1
1.444013662E2	4.948076331E1	8.485139350E0	1.021528204E2	1.510000000E2	0.000000000E0	0.000000000E0	6.919297375E-1	1.286400032E1	1.600000000E1	1.400000000E1
1.453995310E2	4.948075627E1	8.485137080E0	1.021528127E2	1.510000000E2	0.000000000E0	0.000000000E0	6.921165612E-1	1.286400032E1	1.600000000E1	1.500000000E1
1.464012305E2	4.948075747E1	8.485135270E0	1.021528137E2	1.510000000E2	0.000000000E0	0.000000000E0	6.933320097E-1	1.286400032E1	1.600000000E1	1.500000000E1
1.474085177E2	4.948074659E1	8.485136890E0	1.011528027E2	1.500000000E2	0.000000000E0	0.000000000E0	6.943113346E-1	1.179199982E1	1.600000000E1	1.500000000E1
1.484098784E2	4.948073831E1	8.485141510E0	1.021527948E2	1.510000000E2	0.000000000E0	0.000000000E0	6.944015750E-1	1.179199982E1	1.600000000E1	1.600000000E1
1.494032608E2	4.948073911E1	8.485141720E0	1.021527956E2	1.510000000E2	0.000000000E0	0.000000000E0	6.945710754E-1	1.179199982E1	1.600000000E1	1.600000000E1
1.503979459E2	4.948073782E1	8.485140470E0	1.021527941E2	1.510000000E2	0.000000000E0	0.000000000E0	6.952920492E-1	1.179199982E1	1.600000000E1	1.500000000E1
1.513957685E2	4.948073142E1	8.485138870E0	1.021527872E2	1.510000000E2	0.000000000E0	0.000000000E0	6.961042557E-1	1.179199982E1	1.600000000E1	1.500000000E1
1.524037421E2	4.948072419E1	8.485140470E0	1.031527800E2	1.520000000E2	0.000000000E0	0.000000000E0	6.964994273E-1	1.179199982E1	1.600000000E1	1.500000000E1
1.533974752E2	4.948072152E1	8.485144080E0	1.031527777E2	1.520000000E2	0.000000000E0	0.000000000E0	6.968199664E-1	1.072000027E1	1.600000000E1	1.600000000E1
1.544000830E2	4.948071990E1	8.485147750E0	1.041527766E2	1.530000000E2	0.000000000E0	0.000000000E0	6.970630563E-1	1.072000027E1	1.600000000E1	1.500000000E1
1.554137788E2	4.948071931E1	8.485150990E0	1.041527765E2	1.530000000E2	0.000000000E0	0.000000000E0	6.973540805E-1	1.179199982E1	1.600000000E1	1.400000000E1
1.564110939E2	4.948071846E1	8.485154800E0	1.051527762E2	1.540000000E2	0.000000000E0	0.000000000E0	6.974968504E-1	1.179199982E1	1.600000000E1	1.500000000E1
1.574053911E2	4.948071793E1	8.485153000E0	1.051527753E2	1.540000000E2	0.000000000E0	0.000000000E0	6.975511084E-1	1.179199982E1	1.600000000E1	1.500000000E1
1.584039234E2	4.948071762E1	8.485152420E0	1.051527749E2	1.540000000E2	0.000000000E0	0.000000000E0	6.977090341E-1	1.072000027E1	1.600000000E1	1.500000000E1
1.593956817E2	4.948071626E1	8.485151790E0	1.051527734E2	1.540000000E2	0.000000000E0	0.000000000E0	6.978135304E-1	1.072000027E1	1.600000000E1	1.500000000E1
1.603989891E2	4.948071658E1	8.485150430E0	1.041527736E2	1.530000000E2	0.000000000E0	0.000000000E0	6.979140757E-1	1.072000027E1	1.600000000E1	1.500000000E1
1.613982235E2	4.948071746E1	8.485150110E0	1.051527744E2	1.540000000E2	0.000000000E0	0.000000000E0	6.982544100E-1	1.072000027E1	1.600000000E1	1.600000000E1
1.624007797E2	4.948071455E1	8.485148650E0	1.061527712E2	1.550000000E2	0.000000000E0	0.000000000E0	6.984201926E-1	1.072000027E1	1.600000000E1	1.600000000E1
1.634071864E2	4.948071522E1	8.485146600E0	1.051527716E2	1.540000000E2	0.000000000E0	0.000000000E0	6.985414672E-1	1.072000027E1	1.600000000E1	1.600000000E1
1.644033899E2	4.948071489E1	8.485145000E0	1.051527710E2	1.540000000E2	0.000000000E0	0.000000000E0	7.020068045E-1	1.072000027E1	1.600000000E1	1.700000000E1
1.654058479E2	4.948072721E1	8.485100940E0	1.061527772E2	1.550000000E2	2.039999962E0	3.066000061E2	7.064786530E-1	1.072000027E1	1.600000000E1	1.700000000E1
1.664086875E2	4.948073885E1	8.485041690E0	1.071527805E2	1.560000000E2	2.769999981E0	2.997999878E2	7.107125572E-1	1.072000027E1	1.200000000E1	1.700000000E1
1.674077788E2	4.948075245E1	8.484986950E0	1.081527864E2	1.570000000E2	3.759999990E0	2.987999878E2	7.154975510E-1	1.072000027E1	1.200000000E1	1.700000000E1
1.684086388E2	4.948077106E1	8.484927230E0	1.111527968E2	1.600000000E2	4.860000134E0	2.985000000E2	7.238043689E-1	1.072000027E1	1.200000000E1	1.700000000E1
1.694057088E2	4.948079309E1	8.484817360E0	1.081528033E2	1.570000000E2	5.840000153E0	2.948999939E2	7.307592718E-1	1.072000027E1	1.200000000E1	1.600000000E1
1.704021076E2	4.948081590E1	8.484727720E0	1.081528136E2	1.570000000E2	6.670000076E0	2.927000122E2	7.397587686E-1	1.072000027E1	1.200000000E1	1.600000000E1
1.714019382E2	4.948085814E1	8.484621460E0	1.071528416E2	1.560000000E2	7.820000172E0	3.012999878E2	7.483118478E-1	1.072000027E1	1.200000000E1	1.600000000E1
1.724084385E2	4.948090100E1	8.484523150E0	1.071528714E2	1.560000000E2	8.239999771E0	3.020000000E2	7.576358584E-1	1.179199982E1	1.200000000E1	1.700000000E1
1.734057642E2	4.948094251E1	8.484411010E0	1.061528978E2	1.550000000E2	8.640000343E0	3.008999939E2	7.663800161E-1	1.179199982E1	1.200000000E1	1.700000000E1
1.744153410E2	4.948096133E1	8.484293490E0	1.071528998E2	1.560000000E2	8.609999657E0	2.957000122E2	7.773044041E-1	1.286400032E1	1.200000000E1	1.600000000E1
1.754316019E2	4.948093106E1	8.484149630E0	1.061528470E2	1.550000000E2	8.500000000E0	2.863999939E2	7.886925515E-1	1.286400032E1	8.000000000E0	1.700000000E1
1.764298140E2	4.948097728E1	8.484008960E0	1.061528740E2	1.550000000E2	9.760000229E0	2.927999878E2	7.992268241E-1	1.286400032E1	8.000000000E0	1.700000000E1
1.774115460E2	4.948103155E1	8.483889440E0	1.051529125E2	1.540000000E2	9.529999733E0	2.988999939E2	8.104126638E-1	1.179199982E1	8.000000000E0	1.700000000E1
1.784091010E2	4.948107105E1	8.483747040E0	1.041529323E2	1.530000000E2	1.060000038E1	2.992000122E2	8.213386998E-1	1.072000027E1	8.000000000E0	1.700000000E1
1.794069575E2	4.948112528E1	8.483620920E0	1.041529697E2	1.530000000E2	1.064000034E1	3.005000000E2	8.301557196E-1	1.179199982E1	1.200000000E1	1.700000000E1
1.804062683E2	4.948117342E1	8.483523940E0	1.031530052E2	1.520000000E2	1.007999992E1	3.017000122E2	8.393899550E-1	1.179199982E1	1.200000000E1	1.700000000E1
1.814082693E2	4.948122980E1	8.483430090E0	1.031530497E2	1.520000000E2	9.930000305E0	3.042000122E2	8.515279297E-1	1.286400032E1	1.200000000E1	1.700000000E1
1.824097251E2	4.948129268E1	8.483292750E0	1.021530945E2	1.510000000E2	1.026000023E1	3.046000061E2	8.613194805E-1	1.286400032E1	8.000000000E0	1.700000000E1
1.834087328E2	4.948134063E1	8.483179070E0	1.021531273E2	1.510000000E2	1.002000046E1	3.045000000E2	8.699672659E-1	1.393600082E1	1.200000000E1	1.700000000E1
1.844092837E2	4.948139857E1	8.483099220E0	1.021531755E2	1.510000000E2	9.529999733E0	3.077999878E2	8.822856644E-1	1.393600082E1	1.200000000E1	1.600000000E1
1.854195424E2	4.948146813E1	8.482966510E0	1.021532278E2	1.510000000E2	1.027999973E1	3.075000000E2	8.905656378E-1	1.500800037E1	1.200000000E1	1.600000000E1
1.864224410E2	4.948148864E1	8.482856330E0	1.021532327E2	1.510000000E2	9.750000000E0	3.047000122E2	9.004508509E-1	1.286400032E1	8.000000000E0	1.600000000E1
1.874162497E2	4.948147293E1	8.482721650E0	1.001531964E2	1.490000000E2	9.359999657E0	2.965000000E2	9.117530383E-1	1.179199982E1	8.000000000E0	1.600000000E1
1.884109044E2	4.948151853E1	8.482581830E0	1.011532228E2	1.500000000E2	1.046000004E1	2.971000061E2	9.222810753E-1	1.286400032E1	8.000000000E0	1.600000000E1
1.894089740E2	4.948155938E1	8.482450360E0	1.011532456E2	1.500000000E2	1.068000031E1	2.965000000E2	9.355128570E-1	1.393600082E1	8.000000000E0	1.700000000E1
1.904033415E2	4.948162631E1	8.482298920E0	1.021532925E2	1.510000000E2	1.139000034E1	2.988999939E2	9.446148445E-1	1.500800037E1	1.200000000E1	1.700000000E1
1.914069463E2	4.948166882E1	8.482191250E0	1.031533205E2	1.520000000E2	1.064999962E1	3.007000122E2	9.542146354E-1	1.500800037E1	1.200000000E1	1.600000000E1
1.924175584E2	4.948172850E1	8.482095230E0	1.041533681E2	1.530000000E2	9.869999886E0	3.056000061E2	9.652841627E-1	1.393600082E1	1.200000000E1	1.600000000E1
1.934086052E2	4.948177985E1	8.481963960E0	1.051534018E2	1.540000000E2	9.210000038E0	3.043999939E2	9.747766360E-1	1.393600082E1	1.200000000E1	1.600000000E1
1.944109240E2	4.948182446E1	8.481851930E0	1.051534314E2	1.540000000E2	9.239999771E0	3.041000061E2	9.848134839E-1	1.393600082E1	1.200000000E1	1.500000000E1
1.954149313E2	4.948188423E1	8.481747820E0	1.061534778E2	1.550000000E2	9.449999809E0	3.048999939E2	9.940423113E-1	1.286400032E1	1.200000000E1	1.400000000E1
1.964093325E2	4.948193142E1	8.481642730E0	1.061535111E2	1.550000000E2	9.100000381E0	3.060000000E2	1.003187460E0	1.286400032E1	1.200000000E1	1.400000000E1
1.973996922E2	4.948196441E1	8.481526770E0	1.061535281E2	1.550000000E2	9.229999542E0	3.023999939E2	1.012736459E0	1.286400032E1	1.200000000E1	1.400000000E1
1.984000400E2	4.948201619E1	8.481421320E0	1.061535661E2	1.550000000E2	8.869999886E0	3.096000061E2	1.022769484E0	1.286400032E1	1.200000000E1	1.400000000E1
1.994035076E2	4.948205726E1	8.481297660E0	1.051535902E2	1.540000000E2	9.159999847E0	3.013999939E2	1.031620351E0	1.179199982E1	1.200000000E1	1.300000000E1
2.004213687E2	4.948208570E1	8.481183230E0	1.071536027E2	1.560000000E2	9.000000000E0	3.015000000E2	1.039884151E0	1.286400032E1	1.200000000E1	1.400000000E1
2.014067325E2	4.948209809E1	8.481070440E0	1.041535987E2	1.530000000E2	8.720000267E0	2.972000122E2	1.050139006E0	1.286400032E1	8.000000000E0	1.400000000E1
2.024154834E2	4.948210806E1	8.480929320E0	1.041535880E2	1.530000000E2	9.189999580E0	2.977999878E2	1.064689480E0	1.286400032E1	8.000000000E0	1.500000000E1
2.034212673E2	4.948217029E1	8.480752140E0	1.031536262E2	1.520000000E2	1.051000023E1	2.976000061E2	1.076810828E0	1.393600082E1	8.000000000E0	1.500000000E1
2.044159418E2	4.948221564E1	8.480599560E0	1.031536505E2	1.520000000E2	1.121000004E1	2.958999939E2	1.082786682E0	1.500800037E1	1.200000000E1	1.500000000E1
2.054076802E2	4.948225098E1	8.480537240E0	1.031536778E2	1.520000000E2	9.890000343E0	2.982999878E2	1.093372576E0	1.607999992E1	1.200000000E1	1.500000000E1
2.064066610E2	4.948229104E1	8.480404310E0	1.031536996E2	1.520000000E2	9.430000305E0	3.015000000E2	1.100392317E0	1.393600082E1	1.200000000E1	1.500000000E1
2.074052755E2	4.948231617E1	8.480315170E0	1.051537123E2	1.540000000E2	7.690000057E0	2.980000000E2	1.108794766E0	1.286400032E1	1.200000000E1	1.500000000E1
2.084045496E2	4.948234391E1	8.480206980E0	1.041537250E2	1.530000000E2	8.510000229E0	2.952999878E2	1.118232293E0	1.393600082E1	1.200000000E1	1.500000000E1
2.094005245E2	4.948239432E1	8.480101880E0	1.041537616E2	1.530000000E2	8.510000229E0	3.011000061E2	1.126246941E0	1.286400032E1	1.200000000E1	1.600000000E1
2.104023243E2	4.948241374E1	8.479995040E0	1.031537658E2	1.520000000E2	8.119999886E0	3.000000000E2	1.132947239E0	1.286400032E1	1.200000000E1	1.600000000E1
2.114020323E2	4.948243944E1	8.479911150E0	1.041537800E2	1.530000000E2	7.969999790E0	2.997000122E2	1.141160042E0	1.393600082E1	1.200000000E1	1.600000000E1
2.124076613E2	4.948247813E1	8.479814310E0	1.041538057E2	1.530000000E2	8.050000191E0	3.003999939E2	1.148222929E0	1.393600082E1	1.200000000E1	1.600000000E1
2.134042020E2	4.948251468E1	8.479734350E0	1.041538317E2	1.530000000E2	7.679999828E0	3.027000122E2	1.156665069E0	1.393600082E1	1.200000000E1	1.500000000E1
2.144056377E2	4.948257661E1	8.479666750E0	1.051538858E2	1.540000000E2	6.659999847E0	3.075000000E2	1.164120350E0	1.286400032E1	1.200000000E1	1.500000000E1
2.154263114E2	4.948263973E1	8.479631950E0	1.041539460E2	1.530000000E2	6.480000019E0	3.106000061E2	1.170878120E0	1.179199982E1	8.000000000E0	1.500000000E1
2.164314842E2	4.948266315E1	8.479545630E0	1.031539575E2	1.520000000E2	6.309999943E0	2.996000061E2	1.180281144E0	1.286400032E1	8.000000000E0	1.700000000E1
2.174212342E2	4.948269766E1	8.479426800E0	1.021539755E2	1.510000000E2	7.110000134E0	2.968999939E2	1.182369856E0	1.286400032E1	8.000000000E0	1.600000000E1
2.184067159E2	4.948271450E1	8.479413990E0	1.031539911E2	1.520000000E2	3.269999981E0	3.105000000E2	1.185786337E0	1.179199982E1	8.000000000E0	1.800000000E1
2.194136289E2	4.948272837E1	8.479371790E0	1.041539992E2	1.530000000E2	3.349999905E0	3.087999878E2	1.188438790E0	1.179199982E1	8.000000000E0	1.800000000E1
2.204202470E2	4.948274284E1	8.479342600E0	1.051540098E2	1.540000000E2	2.769999981E0	3.122000122E2	1.191558935E0	1.393600082E1	1.200000000E1	1.800000000E1
2.214038353E2	4.948275088E1	8.479301220E0	1.051540120E2	1.540000000E2	2.420000076E0	3.107999878E2	1.194359154E0	1.607999992E1	1.200000000E1	1.800000000E1
2.224060346E2	4.948274156E1	8.479265210E0	1.071539970E2	1.560000000E2	2.079999924E0	2.971000061E2	1.196390072E0	1.929600143E1	1.200000000E1	1.800000000E1
2.234062019E2	4.948274410E1	8.479237370E0	1.081539955E2	1.570000000E2	1.789999962E0	2.961000061E2	1.197819018E0	2.251200104E1	1.200000000E1	1.700000000E1
2.244014166E2	4.948275518E1	8.479227350E0	1.071540055E2	1.560000000E2	1.360000014E0	3.067000122E2	1.202734318E0	2.572800064E1	1.200000000E1	1.500000000E1
2.254115665E2	4.948271608E1	8.479195610E0	1.081539602E2	1.570000000E2	1.080000043E0	2.750000000E2	1.208330023E0	2.465600014E1	1.200000000E1	1.500000000E1
2.264193309E2	4.948266701E1	8.479178430E0	1.081539068E2	1.570000000E2	9.599999785E-1	2.315000000E2	1.212483223E0	2.358399963E1	1.200000000E1	1.400000000E1
2.274188131E2	4.948263182E1	8.479159160E0	1.071538674E2	1.560000000E2	9.900000095E-1	2.098000031E2	1.215113767E0	2.251200104E1	1.200000000E1	1.400000000E1
2.284025540E2	4.948260835E1	8.479154590E0	1.071538424E2	1.560000000E2	1.240000010E0	1.951000061E2	1.219505202E0	2.144000053E1	1.200000000E1	1.400000000E1
2.294043608E2	4.948256890E1	8.479151750E0	1.071538011E2	1.560000000E2	2.190000057E0	1.828999939E2	1.223707008E0	2.358399963E1	1.200000000E1	1.500000000E1
2.304113509E2	4.948253222E1	8.479137770E0	1.071537610E2	1.560000000E2	1.909999967E0	1.903000031E2	1.225470172E0	2.144000053E1	1.200000000E1	1.500000000E1
2.314075133E2	4.948252014E1	8.479121960E0	1.071537461E2	1.560000000E2	2.500000000E-1	1.916000061E2	1.226732976E0	1.715200043E1	1.200000000E1	1.500000000E1
2.324065405E2	4.948251520E1	8.479106220E0	1.061537386E2	1.550000000E2	1.700000018E-1	1.993000031E2	1.227840392E0	1.500800037E1	1.200000000E1	1.400000000E1
2.334030916E2	4.948250971E1	8.479093430E0	1.061537310E2	1.550000000E2	0.000000000E0	0.000000000E0	1.228672215E0	1.393600082E1	1.200000000E1	1.200000000E1
2.344103110E2	4.948250992E1	8.479081920E0	1.071537295E2	1.560000000E2	2.599999905E-1	3.442999878E2	1.229340529E0	1.393600082E1	1.200000000E1	1.300000000E1
2.353990275E2	4.948251371E1	8.479074740E0	1.061537324E2	1.550000000E2	0.000000000E0	0.000000000E0	1.230163136E0	1.393600082E1	1.200000000E1	1.400000000E1
2.363975736E2	4.948251234E1	8.479063550E0	1.061537293E2	1.550000000E2	0.000000000E0	0.000000000E0	1.230913105E0	1.286400032E1	1.200000000E1	1.400000000E1
2.374086587E2	4.948250968E1	8.479054010E0	1.061537251E2	1.550000000E2	0.000000000E0	0.000000000E0	1.231264714E0	1.286400032E1	1.200000000E1	1.400000000E1
2.384038372E2	4.948251007E1	8.479049180E0	1.061537248E2	1.550000000E2	0.000000000E0	0.000000000E0	1.231796437E0	1.286400032E1	1.200000000E1	1.300000000E1
2.394047011E2	4.948250594E1	8.479045470E0	1.061537200E2	1.550000000E2	0.000000000E0	0.000000000E0	1.232618082E0	1.286400032E1	1.200000000E1	1.400000000E1
2.404060735E2	4.948249857E1	8.479044650E0	1.061537122E2	1.550000000E2	0.000000000E0	0.000000000E0	1.233558841E0	1.286400032E1	1.200000000E1	1.400000000E1
2.414021331E2	4.948249016E1	8.479046070E0	1.051537037E2	1.540000000E2	0.000000000E0	0.000000000E0	1.233906569E0	1.286400032E1	1.200000000E1	1.400000000E1
2.424022314E2	4.948248847E1	8.479050120E0	1.051537026E2	1.540000000E2	0.000000000E0	0.000000000E0	1.234190765E0	1.286400032E1	1.200000000E1	1.400000000E1
2.434133791E2	4.948248636E1	8.479052340E0	1.051537007E2	1.540000000E2	0.000000000E0	0.000000000E0	1.234531261E0	1.179199982E1	1.200000000E1	1.400000000E1
2.444173560E2	4.948248854E1	8.479055650E0	1.061537035E2	1.550000000E2	0.000000000E0	0.000000000E0	1.235397070E0	1.179199982E1	1.200000000E1	1.400000000E1
2.454081907E2	4.948249627E1	8.479057090E0	1.071537117E2	1.560000000E2	0.000000000E0	0.000000000E0	1.240901638E0	1.179199982E1	1.200000000E1	1.400000000E1
2.464025988E2	4.948253731E1	8.479014480E0	1.071537479E2	1.560000000E2	6.179999828E0	3.045000000E2	1.247886639E0	1.179199982E1	1.200000000E1	1.500000000E1
2.474006606E2	4.948256749E1	8.478929680E0	1.051537665E2	1.540000000E2	6.289999962E0	3.041000061E2	1.255815729E0	1.286400032E1	1.200000000E1	1.400000000E1
2.484109238E2	4.948261505E1	8.478847900E0	1.061538037E2	1.550000000E2	6.590000153E0	3.025000000E2	1.264015691E0	1.179199982E1	1.200000000E1	1.400000000E1
2.494156882E2	4.948265905E1	8.478756810E0	1.071538357E2	1.560000000E2	6.860000134E0	2.998999939E2	1.270845900E0	1.286400032E1	1.200000000E1	1.400000000E1
2.503987293E2	4.948268924E1	8.478674470E0	1.081538548E2	1.570000000E2	6.280000210E0	3.027000122E2	1.277325001E0	1.286400032E1	1.200000000E1	1.300000000E1
2.513990113E2	4.948272799E1	8.478607490E0	1.091538849E2	1.580000000E2	5.969999790E0	3.026000061E2	1.283118510E0	1.286400032E1	1.200000000E1	1.200000000E1
2.523983456E2	4.948275983E1	8.478544010E0	1.091539085E2	1.580000000E2	5.539999962E0	3.065000000E2	1.288638601E0	1.286400032E1	1.200000000E1	1.100000000E1
2.534070044E2	4.948277927E1	8.478473700E0	1.081539182E2	1.570000000E2	4.349999905E0	3.057000122E2	1.294890168E0	1.286400032E1	1.200000000E1	1.100000000E1
2.544102409E2	4.948282494E1	8.478423230E0	1.091539580E2	1.580000000E2	4.329999924E0	3.065000000E2	1.298215059E0	1.286400032E1	1.200000000E1	1.100000000E1
2.554027031E2	4.948284765E1	8.478393290E0	1.101539771E2	1.590000000E2	2.690000057E0	3.051000061E2	1.301160649E0	1.286400032E1	1.200000000E1	1.200000000E1
2.564031425E2	4.948286687E1	8.478365230E0	1.111539928E2	1.600000000E2	2.640000105E0	3.071000061E2	1.306122519E0	1.286400032E1	1.200000000E1	1.300000000E1
2.573990090E2	4.948289734E1	8.478315050E0	1.131540169E2	1.620000000E2	3.069999933E0	3.001000061E2	1.310404929E0	1.286400032E1	1.200000000E1	1.300000000E1
2.584038651E2	4.948292107E1	8.478268360E0	1.131540346E2	1.620000000E2	3.500000000E0	3.077000122E2	1.316025225E0	1.179199982E1	1.200000000E1	1.300000000E1
2.594087963E2	4.948295124E1	8.478205940E0	1.131540566E2	1.620000000E2	4.219999790E0	3.062000122E2	1.321417160E0	1.179199982E1	1.200000000E1	1.400000000E1
2.603988763E2	4.948298385E1	8.478150700E0	1.131540821E2	1.620000000E2	4.699999809E0	3.080000000E2	1.327116649E0	1.179199982E1	1.200000000E1	1.400000000E1
2.614000086E2	4.948302411E1	8.478101870E0	1.121541166E2	1.610000000E2	4.789999962E0	3.117000122E2	1.338977940E0	1.179199982E1	1.200000000E1	1.500000000E1
2.624022931E2	4.948313076E1	8.478105140E0	1.141542277E2	1.630000000E2	5.210000038E0	3.387000122E2	1.344743994E0	1.179199982E1	1.200000000E1	1.400000000E1
2.634048116E2	4.948318023E1	8.478081210E0	1.121542754E2	1.610000000E2	5.849999905E0	3.448999939E2	1.350830008E0	1.179199982E1	8.000000000E0	1.300000000E1
2.644150904E2	4.948323321E1	8.478060060E0	1.121543272E2	1.610000000E2	5.929999828E0	3.447999878E2	1.363213532E0	1.286400032E1	8.000000000E0	1.300000000E1
2.654074064E2	4.948334214E1	8.478095730E0	1.121544454E2	1.610000000E2	7.849999905E0	3.586000061E2	1.376181477E0	1.179199982E1	8.000000000E0	1.200000000E1
2.663998188E2	4.948345864E1	8.478103990E0	1.101545674E2	1.590000000E2	8.140000343E0	3.562000122E2	1.385909657E0	1.179199982E1	8.000000000E0	1.100000000E1
2.673954707E2	4.948354447E1	8.478077900E0	1.101546525E2	1.590000000E2	7.679999828E0	3.467000122E2	1.395778489E0	1.179199982E1	8.000000000E0	1.200000000E1
2.684048754E2	4.948363296E1	8.478067400E0	1.091547427E2	1.580000000E2	7.579999924E0	3.473999939E2	1.405498389E0	1.179199982E1	8.000000000E0	1.100000000E1
2.693999183E2	4.948371956E1	8.478049090E0	1.091548297E2	1.580000000E2	7.690000057E0	3.477999878E2	1.416342698E0	1.286400032E1	8.000000000E0	1.000000000E1
2.704016696E2	4.948378955E1	8.477944550E0	1.091548867E2	1.580000000E2	8.119999886E0	3.356000061E2	1.424310124E0	1.286400032E1	8.000000000E0	9.000000000E0
2.714042478E2	4.948386058E1	8.477959060E0	1.061549625E2	1.550000000E2	8.300000191E0	3.315000000E2	1.434170309E0	1.179199982E1	8.000000000E0	1.100000000E1
2.724194038E2	4.948392391E1	8.477863520E0	1.041550139E2	1.530000000E2	8.500000000E0	3.257999878E2	1.444416411E0	1.179199982E1	8.000000000E0	1.300000000E1
2.734168931E2	4.948398741E1	8.477760740E0	1.031550644E2	1.520000000E2	8.569999695E0	3.170000000E2	1.455136252E0	1.286400032E1	8.000000000E0	1.300000000E1
2.744023899E2	4.948404574E1	8.477642590E0	1.021551073E2	1.510000000E2	8.899999619E0	3.135000000E2	1.466244529E0	1.286400032E1	8.000000000E0	1.300000000E1
2.754052468E2	4.948411821E1	8.477536750E0	1.031551666E2	1.520000000E2	8.880000114E0	3.160000000E2	1.473579715E0	1.393600082E1	8.000000000E0	1.300000000E1
2.764036385E2	4.948417523E1	8.477485690E0	1.031552181E2	1.520000000E2	8.550000191E0	3.207999878E2	1.481468472E0	1.393600082E1	8.000000000E0	1.300000000E1
2.774002596E2	4.948423517E1	8.477427270E0	1.011552715E2	1.500000000E2	8.060000420E0	3.172000122E2	1.491154633E0	1.286400032E1	8.000000000E0	1.200000000E1
2.784041942E2	4.948432116E1	8.477405840E0	9.915535750E1	1.480000000E2	7.820000172E0	3.226000061E2	1.502424956E0	1.286400032E1	8.000000000E0	1.200000000E1
2.794254464E2	4.948436427E1	8.477264640E0	9.915538114E1	1.480000000E2	8.850000381E0	3.057999878E2	1.508455872E0	1.179199982E1	6.000000000E0	1.400000000E1
2.804200491E2	4.948438913E1	8.477190440E0	9.715539585E1	1.460000000E2	8.189999580E0	3.035000000E2	1.516262646E0	1.179199982E1	6.000000000E0	1.400000000E1
2.814069253E2	4.948443431E1	8.477107720E0	9.615543035E1	1.450000000E2	7.289999962E0	3.066000061E2	1.524202133E0	1.072000027E1	6.000000000E0	1.500000000E1
2.824055282E2	4.948447868E1	8.477021610E0	9.615546351E1	1.450000000E2	7.190000057E0	3.065000000E2	1.531792272E0	1.072000027E1	6.000000000E0	1.500000000E1
2.834069160E2	4.948450151E1	8.476922590E0	9.615547242E1	1.450000000E2	7.119999886E0	3.027000122E2	1.539621365E0	1.179199982E1	8.000000000E0	1.600000000E1
2.844200946E2	4.948451982E1	8.476817940E0	9.715547580E1	1.460000000E2	7.650000095E0	2.972999878E2	1.546949442E0	1.179199982E1	8.000000000E0	1.600000000E1
2.854226918E2	4.948452035E1	8.476716500E0	9.615546122E1	1.450000000E2	7.510000229E0	2.865000000E2	1.554981722E0	1.179199982E1	8.000000000E0	1.700000000E1
2.864108303E2	4.948454737E1	8.476613380E0	9.715547386E1	1.460000000E2	7.199999809E0	2.873999939E2	1.560953235E0	1.179199982E1	6.000000000E0	1.500000000E1
2.874234849E2	4.948459648E1	8.476579930E0	9.515551978E1	1.440000000E2	4.630000114E0	2.956000061E2	1.563722799E0	1.072000027E1	6.000000000E0	1.500000000E1
2.884081960E2	4.948459818E1	8.476541680E0	9.615551584E1	1.450000000E2	3.170000076E0	2.908999939E2	1.565333124E0	1.072000027E1	6.000000000E0	1.500000000E1
2.894172769E2	4.948461266E1	8.476541310E0	9.615553080E1	1.450000000E2	1.659999967E0	3.212999878E2	1.566700719E0	1.072000027E1	6.000000000E0	1.500000000E1
2.904184766E2	4.948462357E1	8.476532570E0	9.615554080E1	1.450000000E2	1.629999995E0	3.135000000E2	1.569800974E0	1.072000027E1	6.000000000E0	1.500000000E1
2.914025023E2	4.948464690E1	8.476509070E0	9.615556148E1	1.450000000E2	2.000000000E0	3.126000061E2	1.571695776E0	1.072000027E1	8.000000000E0	1.500000000E1
2.924045801E2	4.948465968E1	8.476491720E0	9.615557214E1	1.450000000E2	2.240000010E0	3.086000061E2	1.574845189E0	1.072000027E1	6.000000000E0	1.700000000E1
2.934074947E2	4.948467395E1	8.476454060E0	9.715558132E1	1.460000000E2	2.829999924E0	3.010000000E2	1.576401855E0	1.072000027E1	8.000000000E0	1.700000000E1
2.944258931E2	4.948467336E1	8.476432530E0	9.615557750E1	1.450000000E2	2.420000076E0	2.896000061E2	1.581479169E0	1.179199982E1	8.000000000E0	1.700000000E1
2.954187982E2	4.948469393E1	8.476369780E0	9.915558947E1	1.480000000E2	3.359999895E0	2.952000122E2	1.592277333E0	1.179199982E1	8.000000000E0	1.700000000E1
2.964105897E2	4.948475723E1	8.476256420E0	9.915563818E1	1.480000000E2	5.639999866E0	3.015000000E2	1.601168969E0	1.286400032E1	8.000000000E0	1.700000000E1
2.974079392E2	4.948481225E1	8.476167100E0	9.815568190E1	1.470000000E2	6.320000172E0	3.021000061E2	1.606932847E0	1.179199982E1	8.000000000E0	1.700000000E1
2.984041503E2	4.948482956E1	8.476091890E0	9.715568863E1	1.460000000E2	5.969999790E0	2.930000000E2	1.613855615E0	1.072000027E1	6.000000000E0	1.700000000E1
2.994084707E2	4.948485527E1	8.476004610E0	9.715570227E1	1.460000000E2	6.119999886E0	2.922999878E2	1.618378228E0	1.072000027E1	6.000000000E0	1.600000000E1
3.004107824E2	4.948487182E1	8.475947420E0	9.515571089E1	1.440000000E2	5.360000134E0	2.977000122E2	1.625433532E0	1.072000027E1	6.000000000E0	1.700000000E1
3.014114895E2	4.948491326E1	8.475873460E0	9.515574282E1	1.440000000E2	5.849999905E0	3.017999878E2	1.629516069E0	9.648000717E0	6.000000000E0	1.700000000E1
3.024257062E2	4.948493057E1	8.475823620E0	9.515575333E1	1.440000000E2	5.920000076E0	3.012000122E2	1.635420243E0	1.072000027E1	6.000000000E0	1.700000000E1
3.034135744E2	4.948496870E1	8.475766740E0	9.615578438E1	1.450000000E2	5.679999828E0	3.027999878E2	1.637930724E0	1.072000027E1	6.000000000E0	1.700000000E1
3.044085114E2	4.948499126E1	8.475765380E0	9.515580756E1	1.440000000E2	3.819999933E0	3.118999939E2	1.648954708E0	1.179199982E1	6.000000000E0	1.700000000E1
3.054037310E2	4.948500975E1	8.475615450E0	9.415580437E1	1.430000000E2	6.400000095E0	2.962000122E2	1.654969131E0	1.072000027E1	6.000000000E0	1.700000000E1
3.064116357E2	4.948503840E1	8.475544830E0	9.415582354E1	1.430000000E2	6.000000000E0	3.027000122E2	1.662524529E0	1.072000027E1	6.000000000E0	1.400000000E1
3.074179863E2	4.948506499E1	8.475448580E0	9.215583675E1	1.410000000E2	5.820000172E0	2.998999939E2	1.668388696E0	1.072000027E1	6.000000000E0	1.300000000E1
3.084119606E2	4.948508380E1	8.475372740E0	9.315584494E1	1.420000000E2	5.940000057E0	2.982999878E2	1.673534697E0	1.072000027E1	6.000000000E0	1.300000000E1
3.094063624E2	4.948507319E1	8.475303400E0	9.315582360E1	1.420000000E2	4.909999847E0	2.787999878E2	1.679876504E0	1.072000027E1	6.000000000E0	1.400000000E1
3.104319118E2	4.948510140E1	8.475227100E0	9.215584146E1	1.410000000E2	5.269999981E0	2.903999939E2	1.685790506E0	1.072000027E1	6.000000000E0	1.700000000E1
3.114335819E2	4.948510895E1	8.475146060E0	9.315583721E1	1.420000000E2	5.769999981E0	2.883999939E2	1.691223674E0	9.648000717E0	6.000000000E0	1.700000000E1
3.124173765E2	4.948511226E1	8.475071020E0	9.315582945E1	1.420000000E2	5.519999981E0	2.842999878E2	1.695782682E0	1.072000027E1	6.000000000E0	1.800000000E1
3.134096118E2	4.948511682E1	8.475008300E0	9.315582482E1	1.420000000E2	4.480000019E0	2.747000122E2	1.699111796E0	9.648000717E0	6.000000000E0	1.800000000E1
3.144099820E2	4.948511142E1	8.474962970E0	9.315581247E1	1.420000000E2	4.369999886E0	2.658999939E2	1.702700618E0	9.648000717E0	6.000000000E0	1.900000000E1
3.154081696E2	4.948509590E1	8.474919410E0	9.315578988E1	1.420000000E2	4.739999771E0	2.451999969E2	1.707086055E0	9.648000717E0	6.000000000E0	1.900000000E1
3.164103760E2	4.948507014E1	8.474873440E0	9.315575633E1	1.420000000E2	4.639999866E0	2.330000000E2	1.712263824E0	9.648000717E0	6.000000000E0	1.900000000E1
3.174151639E2	4.948502785E1	8.474843440E0	9.315570802E1	1.420000000E2	4.510000229E0	2.178999939E2	1.716677681E0	9.648000717E0	6.000000000E0	1.900000000E1
3.184113948E2	4.948499557E1	8.474807880E0	9.315566926E1	1.420000000E2	4.389999866E0	2.143999939E2	1.721039885E0	9.648000717E0	6.000000000E0	1.900000000E1
3.194117175E2	4.948496210E1	8.474776380E0	9.515562988E1	1.440000000E2	3.990000010E0	2.041999969E2	1.724661179E0	9.648000717E0	6.000000000E0	1.900000000E1
3.204200998E2	4.948493070E1	8.474763080E0	9.415559535E1	1.430000000E2	3.569999933E0	2.038999939E2	1.726570821E0	1.072000027E1	6.000000000E0	2.000000000E1
3.214137503E2	4.948491659E1	8.474748010E0	9.315557848E1	1.420000000E2	2.559999943E0	2.048999939E2	1.727268743E0	1.072000027E1	6.000000000E0	1.900000000E1
3.224154573E2	4.948491106E1	8.474743440E0	9.315557206E1	1.420000000E2	1.190000057E0	2.103999939E2	1.728056430E0	1.072000027E1	6.000000000E0	1.900000000E1
3.234058901E2	4.948490609E1	8.474735670E0	9.315556575E1	1.420000000E2	2.099999934E-1	2.046999969E2	1.728155069E0	1.072000027E1	6.000000000E0	1.900000000E1
3.244079880E2	4.948490529E1	8.474735080E0	9.115556484E1	1.400000000E2	0.000000000E0	0.000000000E0	1.728255005E0	9.648000717E0	6.000000000E0	1.900000000E1
3.254171089E2	4.948490469E1	8.474734050E0	9.115556406E1	1.400000000E2	0.000000000E0	0.000000000E0	1.728495295E0	9.648000717E0	6.000000000E0	1.900000000E1
3.264175161E2	4.948490410E1	8.474730850E0	9.015556297E1	1.390000000E2	1.599999964E-1	2.051000061E2	1.729162148E0	9.648000717E0	6.000000000E0	1.900000000E1
3.274078205E2	4.948490271E1	8.474721870E0	8.915556019E1	1.380000000E2	0.000000000E0	0.000000000E0	1.729710163E0	9.648000717E0	8.000000000E0	1.900000000E1
3.284068399E2	4.948490364E1	8.474714420E0	8.915556004E1	1.380000000E2	0.000000000E0	0.000000000E0	1.730175184E0	9.648000717E0	8.000000000E0	1.900000000E1
3.294004312E2	4.948490409E1	8.474708020E0	8.815555956E1	1.370000000E2	0.000000000E0	0.000000000E0	1.730451991E0	9.648000717E0	8.000000000E0	1.900000000E1
3.304076849E2	4.948490361E1	8.474704260E0	8.815555850E1	1.370000000E2	0.000000000E0	0.000000000E0	1.730778395E0	9.648000717E0	8.000000000E0	1.900000000E1
3.314097210E2	4.948490457E1	8.474699990E0	8.715555886E1	1.360000000E2	0.000000000E0	0.000000000E0	1.731076571E0	9.648000717E0	8.000000000E0	1.900000000E1
3.324053294E2	4.948490515E1	8.474695960E0	8.615555886E1	1.350000000E2	0.000000000E0	0.000000000E0	1.731268880E0	9.648000717E0	8.000000000E0	1.900000000E1
3.334005677E2	4.948490508E1	8.474693300E0	8.515555839E1	1.340000000E2	0.000000000E0	0.000000000E0	1.731454871E0	9.648000717E0	8.000000000E0	1.900000000E1
3.344135447E2	4.948490625E1	8.474691460E0	8.515555933E1	1.340000000E2	0.000000000E0	0.000000000E0	1.731560489E0	9.648000717E0	8.000000000E0	1.800000000E1
3.354153526E2	4.948490719E1	8.474691250E0	8.515556027E1	1.340000000E2	0.000000000E0	0.000000000E0	1.731597687E0	9.648000717E0	8.000000000E0	1.800000000E1
3.364207698E2	4.948490711E1	8.474690750E0	8.515556011E1	1.340000000E2	0.000000000E0	0.000000000E0	1.731749053E0	9.648000717E0	8.000000000E0	1.700000000E1
3.374015379E2	4.948490608E1	8.474692120E0	8.415555925E1	1.330000000E2	0.000000000E0	0.000000000E0	1.731858491E0	9.648000717E0	8.000000000E0	1.700000000E1
3.384018970E2	4.948490572E1	8.474693530E0	8.415555909E1	1.330000000E2	0.000000000E0	0.000000000E0	1.731919991E0	9.648000717E0	8.000000000E0	1.700000000E1
3.394022171E2	4.948490581E1	8.474694370E0	8.415555930E1	1.330000000E2	0.000000000E0	0.000000000E0	1.731986065E0	9.648000717E0	8.000000000E0	1.700000000E1
3.404122550E2	4.948490575E1	8.474695280E0	8.415555938E1	1.330000000E2	0.000000000E0	0.000000000E0	1.731994960E0	9.648000717E0	8.000000000E0	1.600000000E1
3.414093496E2	4.948490583E1	8.474695280E0	8.415555946E1	1.330000000E2	0.000000000E0	0.000000000E0	1.732037186E0	9.648000717E0	8.000000000E0	1.700000000E1
3.424102533E2	4.948490608E1	8.474694840E0	8.515555965E1	1.340000000E2	0.000000000E0	0.000000000E0	1.732062028E0	9.648000717E0	8.000000000E0	1.700000000E1
3.434025867E2	4.948490624E1	8.474694600E0	8.515555978E1	1.340000000E2	0.000000000E0	0.000000000E0	1.732070047E0	9.648000717E0	8.000000000E0	1.700000000E1
3.444011550E2	4.948490629E1	8.474694520E0	8.515555982E1	1.340000000E2	0.000000000E0	0.000000000E0	1.732072699E0	9.648000717E0	8.000000000E0	1.700000000E1
3.454108996E2	4.948490631E1	8.474694500E0	8.515555984E1	1.340000000E2	0.000000000E0	0.000000000E0	1.732081253E0	9.648000717E0	8.000000000E0	1.700000000E1
3.464093097E2	4.948490636E1	8.474694410E0	8.515555988E1	1.340000000E2	0.000000000E0	0.000000000E0	1.732087926E0	9.648000717E0	8.000000000E0	1.800000000E1
3.474066676E2	4.948490639E1	8.474694330E0	8.515555990E1	1.340000000E2	0.000000000E0	0.000000000E0	1.732092260E0	9.648000717E0	8.000000000E0	1.800000000E1
3.484004340E2	4.948490639E1	8.474694270E0	8.515555989E1	1.340000000E2	0.000000000E0	0.000000000E0	1.732111069E0	9.648000717E0	8.000000000E0	1.800000000E1
3.494050756E2	4.948490649E1	8.474694060E0	8.515555996E1	1.340000000E2	0.000000000E0	0.000000000E0	1.732131361E0	9.648000717E0	8.000000000E0	1.800000000E1
3.504192851E2	4.948490634E1	8.474694220E0	8.515555983E1	1.340000000E2	0.000000000E0	0.000000000E0	1.732149003E0	9.648000717E0	8.000000000E0	1.800000000E1
3.514155924E2	4.948490621E1	8.474694360E0	8.515555972E1	1.340000000E2	0.000000000E0	0.000000000E0	1.732151342E0	9.648000717E0	6.000000000E0	1.700000000E1
3.524054171E2	4.948490619E1	8.474694350E0	8.515555970E1	1.340000000E2	0.000000000E0	0.000000000E0	1.732187380E0	9.648000717E0	6.000000000E0	1.800000000E1
3.534095314E2	4.948490640E1	8.474693970E0	8.515555986E1	1.340000000E2	0.000000000E0	0.000000000E0	1.732203788E0	9.648000717E0	6.000000000E0	1.800000000E1
3.544072551E2	4.948490649E1	8.474693790E0	8.515555992E1	1.340000000E2	0.000000000E0	0.000000000E0	1.732211081E0	9.648000717E0	6.000000000E0	1.900000000E1
3.554143084E2	4.948490645E1	8.474693870E0	8.515555989E1	1.340000000E2	0.000000000E0	0.000000000E0	1.732223278E0	9.648000717E0	6.000000000E0	1.900000000E1
3.564092628E2	4.948490652E1	8.474693740E0	8.515555995E1	1.340000000E2	0.000000000E0	0.000000000E0	1.732233420E0	9.648000717E0	6.000000000E0	1.800000000E1
3.574015837E2	4.948490659E1	8.474693650E0	8.515556001E1	1.340000000E2	0.000000000E0	0.000000000E0	1.732237398E0	9.648000717E0	6.000000000E0	1.800000000E1
3.584018828E2	4.948490662E1	8.474693620E0	8.515556003E1	1.340000000E2	0.000000000E0	0.000000000E0	1.732270903E0	9.648000717E0	6.000000000E0	1.800000000E1
3.594053351E2	4.948490681E1	8.474693260E0	8.515556018E1	1.340000000E2	0.000000000E0	0.000000000E0	1.732347346E0	9.648000717E0	6.000000000E0	1.800000000E1
3.604183846E2	4.948490726E1	8.474692460E0	8.515556052E1	1.340000000E2	0.000000000E0	0.000000000E0	1.732385396E0	9.648000717E0	6.000000000E0	1.700000000E1
3.614225687E2	4.948490749E1	8.474692070E0	8.515556070E1	1.340000000E2	0.000000000E0	0.000000000E0	1.732468217E0	3.216000080E0	6.000000000E0	1.800000000E1
3.624092422E2	4.948490724E1	8.474690990E0	8.615556028E1	1.350000000E2	3.400000036E-1	2.088999939E2	1.732631550E0	3.216000080E0	6.000000000E0	1.800000000E1
3.634155970E2	4.948490704E1	8.474693230E0	8.615556041E1	1.350000000E2	2.399999946E-1	2.088000031E2	1.734302483E0	3.216000080E0	6.000000000E0	1.900000000E1
3.644155700E2	4.948489395E1	8.474681870E0	8.615554515E1	1.350000000E2	2.349999905E0	2.135000000E2	1.737549637E0	3.216000080E0	6.000000000E0	1.900000000E1
3.654238798E2	4.948486876E1	8.474659130E0	8.615551565E1	1.350000000E2	3.150000095E0	2.103999939E2	1.741947175E0	3.216000080E0	6.000000000E0	1.900000000E1
3.664233692E2	4.948483380E1	8.474630670E0	8.615547517E1	1.350000000E2	4.440000057E0	2.101000061E2	1.750569598E0	3.216000080E0	6.000000000E0	1.900000000E1
3.674094989E2	4.948476030E1	8.474592630E0	8.615539332E1	1.350000000E2	5.530000210E0	2.058000031E2	1.757518651E0	4.288000107E0	6.000000000E0	1.900000000E1
3.684079669E2	4.948470414E1	8.474550430E0	8.615532882E1	1.350000000E2	6.230000019E0	2.110000000E2	1.765299180E0	3.216000080E0	6.000000000E0	1.800000000E1
3.694084903E2	4.948464167E1	8.474501910E0	8.715525684E1	1.360000000E2	7.090000153E0	2.125000000E2	1.773136011E0	4.288000107E0	6.000000000E0	1.800000000E1
3.704153797E2	4.948457690E1	8.474459140E0	8.815518333E1	1.370000000E2	7.650000095E0	2.081999969E2	1.781663420E0	4.288000107E0	6.000000000E0	1.900000000E1
3.714165002E2	4.948451073E1	8.474399470E0	8.715510585E1	1.360000000E2	8.970000267E0	2.095000000E2	1.789449391E0	3.216000080E0	6.000000000E0	1.900000000E1
3.724063666E2	4.948444839E1	8.474350390E0	8.715503392E1	1.360000000E2	8.189999580E0	2.053000031E2	1.798412501E0	3.216000080E0	6.000000000E0	1.900000000E1
3.734059697E2	4.948438395E1	8.474275850E0	8.815495602E1	1.370000000E2	8.869999886E0	2.118000031E2	1.808546048E0	3.216000080E0	6.000000000E0	1.900000000E1
3.744242067E2	4.948430813E1	8.474198020E0	8.715486583E1	1.360000000E2	9.640000343E0	2.123000031E2	1.818180412E0	3.216000080E0	6.000000000E0	1.400000000E1
3.754372930E2	4.948423593E1	8.474124290E0	8.515478001E1	1.340000000E2	9.750000000E0	2.126000061E2	1.828912362E0	3.216000080E0	6.000000000E0	1.400000000E1
3.764360850E2	4.948415368E1	8.474046560E0	8.415468318E1	1.330000000E2	1.005000019E1	2.126999969E2	1.839058017E0	3.216000080E0	6.000000000E0	1.500000000E1
3.774389789E2	4.948407593E1	8.473973060E0	8.415459164E1	1.330000000E2	1.031999969E1	2.133000031E2	1.849657406E0	3.216000080E0	6.000000000E0	1.500000000E1
3.784205748E2	4.948399434E1	8.473897190E0	8.415449577E1	1.330000000E2	1.056999969E1	2.131000061E2	1.859824126E0	3.216000080E0	6.000000000E0	1.400000000E1
3.794051491E2	4.948391884E1	8.473817810E0	8.515440569E1	1.340000000E2	1.071000004E1	2.121000061E2	1.870626914E0	4.288000107E0	6.000000000E0	1.300000000E1
3.804039009E2	4.948383424E1	8.473744290E0	8.515430705E1	1.340000000E2	1.102000046E1	2.115000000E2	1.880370135E0	4.288000107E0	6.000000000E0	1.200000000E1
3.814014658E2	4.948376044E1	8.473671580E0	8.415421973E1	1.330000000E2	1.056000042E1	2.121000061E2	1.891856979E0	4.288000107E0	8.000000000E0	1.100000000E1
3.824034237E2	4.948367068E1	8.473592870E0	8.615411497E1	1.350000000E2	1.103999996E1	2.103999939E2	1.903632164E0	4.288000107E0	8.000000000E0	1.200000000E1
3.833998683E2	4.948358811E1	8.473490810E0	8.515401418E1	1.340000000E2	1.081999969E1	2.120000000E2	1.914143680E0	4.288000107E0	8.000000000E0	1.100000000E1
3.844051560E2	4.948350893E1	8.473411320E0	8.615392028E1	1.350000000E2	1.048999977E1	2.125000000E2	1.923522459E0	5.360000134E0	8.000000000E0	1.400000000E1
3.854051854E2	4.948344115E1	8.473334050E0	8.515383851E1	1.340000000E2	9.239999771E0	2.145000000E2	1.931416786E0	5.360000134E0	8.000000000E0	1.400000000E1
3.864050478E2	4.948338384E1	8.473269550E0	8.515376951E1	1.340000000E2	8.390000343E0	2.133999939E2	1.940155485E0	5.360000134E0	8.000000000E0	1.100000000E1
3.874017353E2	4.948332112E1	8.473196660E0	8.615369364E1	1.350000000E2	8.560000420E0	2.146999969E2	1.949820444E0	6.432000160E0	8.000000000E0	1.100000000E1
3.884098288E2	4.948325278E1	8.473113990E0	8.615361050E1	1.350000000E2	8.850000381E0	2.140000000E2	1.960425398E0	7.504000187E0	8.000000000E0	1.200000000E1
3.894114148E2	4.948316925E1	8.473043140E0	8.615351337E1	1.350000000E2	9.430000305E0	2.096000061E2	1.970356560E0	8.576000214E0	8.000000000E0	1.100000000E1
3.904055333E2	4.948309010E1	8.472979450E0	8.515342186E1	1.340000000E2	9.510000229E0	2.081000061E2	1.976036943E0	9.648000717E0	8.000000000E0	1.200000000E1
3.914097245E2	4.948305259E1	8.472926070E0	8.415337503E1	1.330000000E2	6.780000210E0	2.126999969E2	1.981578337E0	6.432000160E0	8.000000000E0	1.400000000E1
3.924063706E2	4.948302240E1	8.472865040E0	8.615333465E1	1.350000000E2	6.239999771E0	2.151000061E2	1.986224057E0	6.432000160E0	8.000000000E0	1.400000000E1
3.934090570E2	4.948298915E1	8.472826100E0	8.615329439E1	1.350000000E2	5.579999924E0	2.103999939E2	1.993676954E0	6.432000160E0	8.000000000E0	1.600000000E1
3.944116175E2	4.948292925E1	8.472779810E0	8.615322541E1	1.350000000E2	6.349999905E0	2.133999939E2	1.999899500E0	6.432000160E0	8.000000000E0	1.600000000E1
3.954102564E2	4.948288365E1	8.472729880E0	8.715317072E1	1.360000000E2	6.429999828E0	2.133999939E2	2.007185735E0	5.360000134E0	8.000000000E0	1.700000000E1
3.964083712E2	4.948282201E1	8.472695660E0	8.915310174E1	1.380000000E2	6.610000134E0	2.131000061E2	2.015127545E0	5.360000134E0	8.000000000E0	1.800000000E1
3.974239341E2	4.948276493E1	8.472629580E0	8.815303274E1	1.370000000E2	7.360000134E0	2.161999969E2	2.024069188E0	5.360000134E0	8.000000000E0	1.800000000E1
3.984236335E2	4.948269442E1	8.472570070E0	8.715295080E1	1.360000000E2	7.579999924E0	2.138000031E2	2.032017775E0	5.360000134E0	8.000000000E0	1.800000000E1
3.994393913E2	4.948263654E1	8.472505500E0	8.615288120E1	1.350000000E2	7.989999771E0	2.128000031E2	2.041160815E0	5.360000134E0	8.000000000E0	1.900000000E1
4.004405477E2	4.948255718E1	8.472472380E0	8.815279402E1	1.370000000E2	8.479999542E0	2.110000000E2	2.050667811E0	5.360000134E0	8.000000000E0	1.900000000E1
4.014123581E2	4.948248446E1	8.472403170E0	8.915270835E1	1.380000000E2	9.579999924E0	2.128000031E2	2.060778127E0	5.360000134E0	8.000000000E0	1.900000000E1
4.024189368E2	4.948240162E1	8.472345480E0	9.015261390E1	1.390000000E2	9.770000458E0	2.080000000E2	2.071458696E0	5.360000134E0	8.000000000E0	1.900000000E1
4.034232345E2	4.948232127E1	8.472264470E0	9.015251857E1	1.390000000E2	1.056000042E1	2.125000000E2	2.082181039E0	5.360000134E0	8.000000000E0	1.900000000E1
4.044163105E2	4.948224801E1	8.472167960E0	9.015242827E1	1.390000000E2	1.098999977E1	2.143999939E2	2.093988351E0	5.360000134E0	8.000000000E0	2.000000000E1
4.054167548E2	4.948215913E1	8.472078530E0	9.015232285E1	1.390000000E2	1.168999958E1	2.128999939E2	2.105670768E0	5.360000134E0	8.000000000E0	2.000000000E1
4.064195194E2	4.948207083E1	8.471990900E0	9.015221829E1	1.390000000E2	1.160999966E1	2.125000000E2	2.116842640E0	5.360000134E0	8.000000000E0	2.000000000E1
4.074340922E2	4.948198289E1	8.471916110E0	9.215211602E1	1.410000000E2	1.093000031E1	2.126000061E2	2.127967277E0	5.360000134E0	8.000000000E0	2.000000000E1
4.084166308E2	4.948190156E1	8.471826430E0	9.415201838E1	1.430000000E2	1.085999966E1	2.130000000E2	2.138337453E0	4.288000107E0	8.000000000E0	1.600000000E1
4.094147248E2	4.948182027E1	8.471756070E0	9.415192366E1	1.430000000E2	1.067000008E1	2.131999969E2	2.148810609E0	4.288000107E0	8.000000000E0	1.500000000E1
4.104047894E2	4.948173958E1	8.471681290E0	9.415182890E1	1.430000000E2	1.039999962E1	2.130000000E2	2.158997410E0	5.360000134E0	8.000000000E0	1.300000000E1
4.114050746E2	4.948165985E1	8.471611840E0	9.415173594E1	1.430000000E2	1.025000000E1	2.130000000E2	2.168732447E0	5.360000134E0	8.000000000E0	1.100000000E1
4.124049225E2	4.948158533E1	8.471541110E0	9.415164818E1	1.430000000E2	1.036999989E1	2.133000031E2	2.179443597E0	5.360000134E0	8.000000000E0	1.800000000E1
4.134101261E2	4.948150113E1	8.471469090E0	9.515155020E1	1.440000000E2	9.979999542E0	2.116999969E2	2.187294007E0	5.360000134E0	8.000000000E0	1.900000000E1
4.144119030E2	4.948143570E1	8.471428270E0	9.515147632E1	1.440000000E2	8.800000191E0	2.038000031E2	2.194559335E0	6.432000160E0	8.000000000E0	1.400000000E1
4.154097960E2	4.948138135E1	8.471372450E0	9.515141169E1	1.440000000E2	8.050000191E0	2.105000000E2	2.200785235E0	8.576000214E0	8.000000000E0	1.400000000E1
4.164009027E2	4.948133399E1	8.471326480E0	9.315135577E1	1.420000000E2	7.480000019E0	2.123000031E2	2.208111146E0	6.432000160E0	8.000000000E0	1.200000000E1
4.174117052E2	4.948127771E1	8.471273760E0	9.315128960E1	1.420000000E2	7.239999771E0	2.103999939E2	2.216180117E0	6.432000160E0	8.000000000E0	1.400000000E1
4.184149083E2	4.948121406E1	8.471220120E0	9.215121565E1	1.410000000E2	6.949999809E0	2.066000061E2	2.221059919E0	5.360000134E0	8.000000000E0	1.400000000E1
4.194044500E2	4.948118193E1	8.471174110E0	9.015117551E1	1.390000000E2	5.849999905E0	2.065000000E2	2.226238416E0	5.360000134E0	8.000000000E0	1.300000000E1
4.204000347E2	4.948114073E1	8.471140690E0	8.915112784E1	1.380000000E2	5.050000191E0	2.051999969E2	2.230299954E0	5.360000134E0	8.000000000E0	1.300000000E1
4.214057888E2	4.948110903E1	8.471112760E0	8.915109083E1	1.380000000E2	3.920000076E0	2.023999939E2	2.233099236E0	5.360000134E0	8.000000000E0	1.400000000E1
4.224029772E2	4.948108415E1	8.471106850E0	9.015106417E1	1.390000000E2	3.089999914E0	2.060000000E2	2.235113648E0	5.360000134E0	8.000000000E0	1.300000000E1
4.234037503E2	4.948106668E1	8.471099470E0	9.115104497E1	1.400000000E2	2.039999962E0	2.078000031E2	2.237132172E0	5.360000134E0	8.000000000E0	1.400000000E1
4.244047830E2	4.948108071E1	8.471081740E0	9.215105686E1	1.410000000E2	9.900000095E-1	2.081999969E2	2.237372222E0	5.360000134E0	8.000000000E0	1.400000000E1
4.254049645E2	4.948107947E1	8.471084460E0	9.315105598E1	1.420000000E2	8.000000119E-1	2.081000061E2	2.238044351E0	5.360000134E0	8.000000000E0	1.400000000E1
4.264105868E2	4.948107360E1	8.471082240E0	9.415104957E1	1.430000000E2	7.599999905E-1	2.081999969E2	2.239151009E0	5.360000134E0	1.200000000E1	1.500000000E1
4.274087471E2	4.948106370E1	8.471083810E0	9.615103955E1	1.450000000E2	7.799999714E-1	2.081999969E2	2.239905843E0	5.360000134E0	1.200000000E1	1.500000000E1
4.284102545E2	4.948105826E1	8.471077560E0	9.515103298E1	1.440000000E2	1.190000057E0	2.081999969E2	2.240281248E0	6.432000160E0	1.200000000E1	1.300000000E1
4.294082903E2	4.948105560E1	8.471080760E0	9.515103070E1	1.440000000E2	1.779999971E0	1.980000000E2	2.241938278E0	6.432000160E0	1.200000000E1	1.300000000E1
4.304129889E2	4.948104134E1	8.471074100E0	9.315101493E1	1.420000000E2	1.850000024E0	1.973999939E2	2.243090317E0	6.432000160E0	1.200000000E1	1.000000000E1
4.314125464E2	4.948103127E1	8.471070350E0	9.415100394E1	1.430000000E2	1.460000038E0	2.081999969E2	2.244081841E0	7.504000187E0	1.200000000E1	1.100000000E1
4.324116936E2	4.948102256E1	8.471067410E0	9.515099447E1	1.440000000E2	7.900000215E-1	2.081999969E2	2.245032303E0	7.504000187E0	1.200000000E1	1.200000000E1
4.334065202E2	4.948101409E1	8.471065640E0	9.515098543E1	1.440000000E2	1.090000033E0	1.951999969E2	2.246164323E0	7.504000187E0	1.200000000E1	1.200000000E1
4.344067004E2	4.948100412E1	8.471062470E0	9.515097463E1	1.440000000E2	1.009999990E0	1.941000061E2	2.246817167E0	6.432000160E0	1.200000000E1	1.400000000E1
4.354056576E2	4.948099825E1	8.471062650E0	9.615096857E1	1.450000000E2	4.600000083E-1	2.081999969E2	2.247647607E0	6.432000160E0	1.200000000E1	1.200000000E1
4.364079977E2	4.948099533E1	8.471073230E0	1.011509671E2	1.500000000E2	3.000000119E-1	2.081999969E2	2.248571022E0	6.432000160E0	1.200000000E1	1.400000000E1
4.374049612E2	4.948099240E1	8.471085190E0	1.031509659E2	1.520000000E2	1.500000060E-1	2.081999969E2	2.249580565E0	6.432000160E0	1.200000000E1	1.200000000E1
4.384088896E2	4.948099018E1	8.471098740E0	1.051509656E2	1.540000000E2	0.000000000E0	0.000000000E0	2.252381602E0	7.504000187E0	1.200000000E1	1.300000000E1
4.394039168E2	4.948098104E1	8.471134870E0	1.071509615E2	1.560000000E2	0.000000000E0	0.000000000E0	2.253936441E0	8.576000214E0	1.200000000E1	1.300000000E1
4.404084206E2	4.948097573E1	8.471154780E0	1.081509590E2	1.570000000E2	0.000000000E0	0.000000000E0	2.254814867E0	7.504000187E0	1.200000000E1	1.400000000E1
4.414097946E2	4.948097146E1	8.471165010E0	1.071509560E2	1.560000000E2	0.000000000E0	0.000000000E0	2.255493995E0	7.504000187E0	1.200000000E1	1.300000000E1
4.424049785E2	4.948096809E1	8.471172850E0	1.071509537E2	1.560000000E2	0.000000000E0	0.000000000E0	2.256081802E0	7.504000187E0	1.200000000E1	1.400000000E1
4.434022876E2	4.948096663E1	8.471180670E0	1.071509534E2	1.560000000E2	0.000000000E0	0.000000000E0	2.256474393E0	6.432000160E0	1.200000000E1	1.600000000E1
4.444034048E2	4.948096467E1	8.471185190E0	1.071509520E2	1.560000000E2	0.000000000E0	0.000000000E0	2.256866689E0	6.432000160E0	1.200000000E1	1.600000000E1
4.454054392E2	4.948096139E1	8.471187190E0	1.071509489E2	1.560000000E2	0.000000000E0	0.000000000E0	2.257121825E0	6.432000160E0	1.200000000E1	1.600000000E1
4.464078908E2	4.948095913E1	8.471187800E0	1.071509467E2	1.560000000E2	0.000000000E0	0.000000000E0	2.257229276E0	6.432000160E0	1.200000000E1	1.600000000E1
4.474123700E2	4.948095817E1	8.471187970E0	1.071509457E2	1.560000000E2	0.000000000E0	0.000000000E0	2.257668794E0	6.432000160E0	1.200000000E1	1.600000000E1
4.484056393E2	4.948095427E1	8.471186980E0	1.061509415E2	1.550000000E2	0.000000000E0	0.000000000E0	2.258036632E0	6.432000160E0	1.200000000E1	1.600000000E1
4.494019724E2	4.948095100E1	8.471186210E0	1.061509380E2	1.550000000E2	0.000000000E0	0.000000000E0	2.258275356E0	6.432000160E0	1.200000000E1	1.600000000E1
4.504056385E2	4.948094889E1	8.471185600E0	1.061509357E2	1.550000000E2	0.000000000E0	0.000000000E0	2.258434589E0	5.360000134E0	1.200000000E1	1.600000000E1
4.514145324E2	4.948094750E1	8.471185070E0	1.061509342E2	1.550000000E2	0.000000000E0	0.000000000E0	2.258506043E0	5.360000134E0	1.200000000E1	1.800000000E1
4.524091414E2	4.948094688E1	8.471184810E0	1.061509335E2	1.550000000E2	0.000000000E0	0.000000000E0	2.258548795E0	5.360000134E0	1.200000000E1	1.800000000E1
4.534072050E2	4.948094650E1	8.471184720E0	1.061509331E2	1.550000000E2	0.000000000E0	0.000000000E0	2.258559093E0	5.360000134E0	8.000000000E0	1.800000000E1
4.544011353E2	4.948094645E1	8.471184840E0	1.061509331E2	1.550000000E2	0.000000000E0	0.000000000E0	2.258565965E0	5.360000134E0	8.000000000E0	1.800000000E1
4.554138519E2	4.948094643E1	8.471184930E0	1.061509331E2	1.550000000E2	0.000000000E0	0.000000000E0	2.258596960E0	4.288000107E0	8.000000000E0	1.800000000E1
4.564126840E2	4.948094660E1	8.471185270E0	1.061509333E2	1.550000000E2	0.000000000E0	0.000000000E0	2.258626266E0	4.288000107E0	8.000000000E0	1.800000000E1
4.574026077E2	4.948094677E1	8.471185580E0	1.061509335E2	1.550000000E2	0.000000000E0	0.000000000E0	2.258667771E0	4.288000107E0	8.000000000E0	1.800000000E1
4.583979535E2	4.948094701E1	8.471186020E0	1.061509338E2	1.550000000E2	0.000000000E0	0.000000000E0	2.258706904E0	4.288000107E0	8.000000000E0	1.700000000E1
4.594059039E2	4.948094724E1	8.471186430E0	1.061509341E2	1.550000000E2	0.000000000E0	0.000000000E0	2.258758903E0	4.288000107E0	8.000000000E0	1.800000000E1
4.604003778E2	4.948094757E1	8.471186940E0	1.061509346E2	1.550000000E2	0.000000000E0	0.000000000E0	2.258822797E0	4.288000107E0	8.000000000E0	1.800000000E1
4.614084964E2	4.948094803E1	8.471187470E0	1.061509351E2	1.550000000E2	0.000000000E0	0.000000000E0	2.258854961E0	4.288000107E0	6.000000000E0	1.200000000E1
4.624043728E2	4.948094826E1	8.471187740E0	1.061509354E2	1.550000000E2	0.000000000E0	0.000000000E0	2.258884836E0	4.288000107E0	6.000000000E0	1.200000000E1
4.634019124E2	4.948094838E1	8.471188110E0	1.061509356E2	1.550000000E2	0.000000000E0	0.000000000E0	2.258910692E0	4.288000107E0	6.000000000E0	1.500000000E1
4.644118630E2	4.948094847E1	8.471188440E0	1.061509357E2	1.550000000E2	0.000000000E0	0.000000000E0	2.258929589E0	4.288000107E0	6.000000000E0	1.400000000E1
4.654023870E2	4.948094852E1	8.471188690E0	1.061509358E2	1.550000000E2	0.000000000E0	0.000000000E0	2.258938871E0	4.288000107E0	6.000000000E0	1.400000000E1
4.664123537E2	4.948094859E1	8.471188760E0	1.061509359E2	1.550000000E2	0.000000000E0	0.000000000E0	2.258945545E0	4.288000107E0	8.000000000E0	1.300000000E1
4.674141586E2	4.948094862E1	8.471188840E0	1.061509359E2	1.550000000E2	0.000000000E0	0.000000000E0	2.258948641E0	4.288000107E0	8.000000000E0	1.300000000E1
4.683969279E2	4.948094863E1	8.471188880E0	1.061509359E2	1.550000000E2	0.000000000E0	0.000000000E0	2.258960100E0	4.288000107E0	8.000000000E0	1.300000000E1
4.693970007E2	4.948094855E1	8.471188980E0	1.061509359E2	1.550000000E2	0.000000000E0	0.000000000E0	2.258975627E0	4.288000107E0	6.000000000E0	1.300000000E1
4.704018953E2	4.948094845E1	8.471189130E0	1.061509358E2	1.550000000E2	0.000000000E0	0.000000000E0	2.258984734E0	4.288000107E0	6.000000000E0	1.300000000E1
4.714076201E2	4.948094849E1	8.471189240E0	1.061509359E2	1.550000000E2	0.000000000E0	0.000000000E0	2.258994023E0	4.288000107E0	6.000000000E0	1.300000000E1
4.724108155E2	4.948094852E1	8.471189360E0	1.061509359E2	1.550000000E2	0.000000000E0	0.000000000E0	2.259006958E0	4.288000107E0	8.000000000E0	1.400000000E1

